{
  "palisades": {
    "lastHeadline": "{newTrailsCount} New {NewTrailWord} Today",
    "lastCondition": "terrain_expansion",
    "lastDate": "2026-02-01",
    "history": [
      {
        "date": "2026-02-01",
        "condition": "terrain_expansion",
        "headline": "{newTrailsCount} New {NewTrailWord} Today"
      }
    ]
  },
  "deervalley": {
    "lastHeadline": "A Few More Options Today",
    "lastCondition": "terrain_few",
    "lastDate": "2026-02-01",
    "history": [
      {
        "date": "2026-02-01",
        "condition": "terrain_few",
        "headline": "A Few More Options Today"
      }
    ]
  },
  "solitude": {
    "lastHeadline": "Weekend Finale",
    "lastCondition": "sunday",
    "lastDate": "2026-02-01",
    "history": [
      {
        "date": "2026-02-01",
        "condition": "sunday",
        "headline": "Weekend Finale"
      }
    ]
  },
  "steamboat": {
    "lastHeadline": "Sunday Skiing",
    "lastCondition": "sunday",
    "lastDate": "2026-02-01",
    "history": [
      {
        "date": "2026-02-01",
        "condition": "sunday",
        "headline": "Sunday Skiing"
      }
    ]
  },
  "mammoth": {
    "lastHeadline": "Sunday Funday",
    "lastCondition": "sunday",
    "lastDate": "2026-02-01",
    "history": [
      {
        "date": "2026-02-01",
        "condition": "sunday",
        "headline": "Sunday Funday"
      }
    ]
  },
  "junemountain": {
    "lastHeadline": "All Systems Go",
    "lastCondition": "percent_full",
    "lastDate": "2026-02-01",
    "history": [
      {
        "date": "2026-02-01",
        "condition": "percent_full",
        "headline": "All Systems Go"
      }
    ]
  },
  "crystal": {
    "lastHeadline": "Sunday Skiing",
    "lastCondition": "sunday",
    "lastDate": "2026-02-01",
    "history": [
      {
        "date": "2026-02-01",
        "condition": "sunday",
        "headline": "Sunday Skiing"
      }
    ]
  },
  "bigsky": {
    "lastHeadline": "Big Expansion Today",
    "lastCondition": "terrain_major",
    "lastDate": "2026-02-01",
    "history": [
      {
        "date": "2026-02-01",
        "condition": "terrain_major",
        "headline": "Big Expansion Today"
      },
      {
        "date": "2026-02-01",
        "condition": "terrain_major",
        "headline": "Significant Terrain Release"
      }
    ]
  },
  "cypressmountain": {
    "lastHeadline": "A Refresh Is Coming",
    "lastCondition": "snow_coming",
    "lastDate": "2026-02-01",
    "history": [
      {
        "date": "2026-02-01",
        "condition": "snow_coming",
        "headline": "A Refresh Is Coming"
      },
      {
        "date": "2026-02-01",
        "condition": "snow_coming",
        "headline": "Snow Showers Ahead"
      }
    ]
  },
  "snowbird": {
    "lastHeadline": "Last Chance This Week",
    "lastCondition": "sunday",
    "lastDate": "2026-02-01",
    "history": [
      {
        "date": "2026-02-01",
        "condition": "sunday",
        "headline": "Last Chance This Week"
      },
      {
        "date": "2026-02-01",
        "condition": "sunday",
        "headline": "Sunday Skiing"
      }
    ]
  },
  "copper": {
    "lastHeadline": "Groomers Did Their Thing",
    "lastCondition": "grooming_highlight",
    "lastDate": "2026-02-01",
    "history": [
      {
        "date": "2026-02-01",
        "condition": "grooming_highlight",
        "headline": "Groomers Did Their Thing"
      },
      {
        "date": "2026-02-01",
        "condition": "grooming_highlight",
        "headline": "Smooth Sailing Today"
      }
    ]
  },
  "jacksonhole": {
    "lastHeadline": "Weekend Finale",
    "lastCondition": "sunday",
    "lastDate": "2026-02-01",
    "history": [
      {
        "date": "2026-02-01",
        "condition": "sunday",
        "headline": "Weekend Finale"
      },
      {
        "date": "2026-02-01",
        "condition": "sunday",
        "headline": "Sunday Skiing"
      }
    ]
  },
  "aspenhighlands": {
    "lastHeadline": "Weekend Finale",
    "lastCondition": "sunday",
    "lastDate": "2026-02-01",
    "history": [
      {
        "date": "2026-02-01",
        "condition": "sunday",
        "headline": "Weekend Finale"
      },
      {
        "date": "2026-02-01",
        "condition": "sunday",
        "headline": "Sunday Skiing"
      }
    ]
  },
  "aspenmountain": {
    "lastHeadline": "Last Chance This Week",
    "lastCondition": "sunday",
    "lastDate": "2026-02-01",
    "history": [
      {
        "date": "2026-02-01",
        "condition": "sunday",
        "headline": "Last Chance This Week"
      },
      {
        "date": "2026-02-01",
        "condition": "sunday",
        "headline": "Sunday Funday"
      }
    ]
  },
  "buttermilk": {
    "lastHeadline": "Grooming Crew MVP",
    "lastCondition": "grooming_massive",
    "lastDate": "2026-02-01",
    "history": [
      {
        "date": "2026-02-01",
        "condition": "grooming_massive",
        "headline": "Grooming Crew MVP"
      },
      {
        "date": "2026-02-01",
        "condition": "grooming_massive",
        "headline": "The Groomers Delivered"
      }
    ]
  },
  "banff": {
    "lastHeadline": "Sunday Skiing",
    "lastCondition": "sunday",
    "lastDate": "2026-02-01",
    "history": [
      {
        "date": "2026-02-01",
        "condition": "sunday",
        "headline": "Sunday Skiing"
      },
      {
        "date": "2026-02-01",
        "condition": "sunday",
        "headline": "Last Chance This Week"
      }
    ]
  },
  "lakelouise": {
    "lastHeadline": "Mother Nature Can't Decide",
    "lastCondition": "weather_mixed",
    "lastDate": "2026-02-01",
    "history": [
      {
        "date": "2026-02-01",
        "condition": "weather_mixed",
        "headline": "Mother Nature Can't Decide"
      },
      {
        "date": "2026-02-01",
        "condition": "weather_mixed",
        "headline": "Transition Day"
      }
    ]
  },
  "norquay": {
    "lastHeadline": "Sunday Funday",
    "lastCondition": "sunday",
    "lastDate": "2026-02-01",
    "history": [
      {
        "date": "2026-02-01",
        "condition": "sunday",
        "headline": "Sunday Funday"
      },
      {
        "date": "2026-02-01",
        "condition": "sunday",
        "headline": "Weekend Finale"
      }
    ]
  }
}